osm_id,feat_type,key,value,commentary
659533,node,not appliable,not appliable,this kerb does not intersect any crossing geometry.
659536,node,not appliable,not appliable,this kerb does not intersect any crossing geometry.
31307533,node,not appliable,not appliable,this kerb does not intersect any crossing geometry.
256096213,node,not appliable,not appliable,this kerb does not intersect any crossing geometry.
487371749,node,not appliable,not appliable,this kerb does not intersect any crossing geometry.
565437182,node,not appliable,not appliable,this kerb does not intersect any crossing geometry.
618143137,node,not appliable,not appliable,this kerb does not intersect any crossing geometry.
1075461640,node,not appliable,not appliable,this kerb does not intersect any crossing geometry.
1269199103,node,not appliable,not appliable,this kerb does not intersect any crossing geometry.
1334087977,node,not appliable,not appliable,this kerb does not intersect any crossing geometry.
1334088023,node,not appliable,not appliable,this kerb does not intersect any crossing geometry.
1600891729,node,not appliable,not appliable,this kerb does not intersect any crossing geometry.
1600891731,node,not appliable,not appliable,this kerb does not intersect any crossing geometry.
1608323086,node,not appliable,not appliable,this kerb does not intersect any crossing geometry.
1635824254,node,not appliable,not appliable,this kerb does not intersect any crossing geometry.
1708610735,node,not appliable,not appliable,this kerb does not intersect any crossing geometry.
2305536268,node,not appliable,not appliable,this kerb does not intersect any crossing geometry.
2319220990,node,not appliable,not appliable,this kerb does not intersect any crossing geometry.
2497623111,node,not appliable,not appliable,this kerb does not intersect any crossing geometry.
2702938862,node,not appliable,not appliable,this kerb does not intersect any crossing geometry.
2717146553,node,not appliable,not appliable,this kerb does not intersect any crossing geometry.
2726958701,node,not appliable,not appliable,this kerb does not intersect any crossing geometry.
2726958706,node,not appliable,not appliable,this kerb does not intersect any crossing geometry.
2726958811,node,not appliable,not appliable,this kerb does not intersect any crossing geometry.
2726958857,node,not appliable,not appliable,this kerb does not intersect any crossing geometry.
2727063017,node,not appliable,not appliable,this kerb does not intersect any crossing geometry.
2727063029,node,not appliable,not appliable,this kerb does not intersect any crossing geometry.
2727238305,node,not appliable,not appliable,this kerb does not intersect any crossing geometry.
2729719846,node,not appliable,not appliable,this kerb does not intersect any crossing geometry.
3241576094,node,not appliable,not appliable,this kerb does not intersect any crossing geometry.
3241576122,node,not appliable,not appliable,this kerb does not intersect any crossing geometry.
3405607921,node,not appliable,not appliable,this kerb does not intersect any crossing geometry.
3405607959,node,not appliable,not appliable,this kerb does not intersect any crossing geometry.
3412763884,node,not appliable,not appliable,this kerb does not intersect any crossing geometry.
3414871690,node,not appliable,not appliable,this kerb does not intersect any crossing geometry.
3421439900,node,not appliable,not appliable,this kerb does not intersect any crossing geometry.
3421439905,node,not appliable,not appliable,this kerb does not intersect any crossing geometry.
3481658737,node,not appliable,not appliable,this kerb does not intersect any crossing geometry.
3713530204,node,not appliable,not appliable,this kerb does not intersect any crossing geometry.
3713530380,node,not appliable,not appliable,this kerb does not intersect any crossing geometry.
3713530384,node,not appliable,not appliable,this kerb does not intersect any crossing geometry.
3713530395,node,not appliable,not appliable,this kerb does not intersect any crossing geometry.
3713530414,node,not appliable,not appliable,this kerb does not intersect any crossing geometry.
3782417019,node,not appliable,not appliable,this kerb does not intersect any crossing geometry.
3849099700,node,not appliable,not appliable,this kerb does not intersect any crossing geometry.
3904715840,node,not appliable,not appliable,this kerb does not intersect any crossing geometry.
4383630099,node,not appliable,not appliable,this kerb does not intersect any crossing geometry.
4383630102,node,not appliable,not appliable,this kerb does not intersect any crossing geometry.
4383630108,node,not appliable,not appliable,this kerb does not intersect any crossing geometry.
4719447406,node,not appliable,not appliable,this kerb does not intersect any crossing geometry.
4871092675,node,not appliable,not appliable,this kerb does not intersect any crossing geometry.
4966196367,node,not appliable,not appliable,this kerb does not intersect any crossing geometry.
4966196368,node,not appliable,not appliable,this kerb does not intersect any crossing geometry.
5039385818,node,not appliable,not appliable,this kerb does not intersect any crossing geometry.
5231458802,node,not appliable,not appliable,this kerb does not intersect any crossing geometry.
6115913526,node,not appliable,not appliable,this kerb does not intersect any crossing geometry.
6127656338,node,not appliable,not appliable,this kerb does not intersect any crossing geometry.
6127656339,node,not appliable,not appliable,this kerb does not intersect any crossing geometry.
6128770485,node,not appliable,not appliable,this kerb does not intersect any crossing geometry.
6128770486,node,not appliable,not appliable,this kerb does not intersect any crossing geometry.
6129366084,node,not appliable,not appliable,this kerb does not intersect any crossing geometry.
6188293960,node,not appliable,not appliable,this kerb does not intersect any crossing geometry.
6341019925,node,not appliable,not appliable,this kerb does not intersect any crossing geometry.
6425119308,node,not appliable,not appliable,this kerb does not intersect any crossing geometry.
6433800562,node,not appliable,not appliable,this kerb does not intersect any crossing geometry.
6659176307,node,not appliable,not appliable,this kerb does not intersect any crossing geometry.
6770416411,node,not appliable,not appliable,this kerb does not intersect any crossing geometry.
6875274283,node,not appliable,not appliable,this kerb does not intersect any crossing geometry.
6875274284,node,not appliable,not appliable,this kerb does not intersect any crossing geometry.
6897559546,node,not appliable,not appliable,this kerb does not intersect any crossing geometry.
6917513780,node,not appliable,not appliable,this kerb does not intersect any crossing geometry.
6997073656,node,not appliable,not appliable,this kerb does not intersect any crossing geometry.
7136785730,node,not appliable,not appliable,this kerb does not intersect any crossing geometry.
7136785747,node,not appliable,not appliable,this kerb does not intersect any crossing geometry.
7448322252,node,not appliable,not appliable,this kerb does not intersect any crossing geometry.
7448322253,node,not appliable,not appliable,this kerb does not intersect any crossing geometry.
7788281983,node,not appliable,not appliable,this kerb does not intersect any crossing geometry.
8058554387,node,not appliable,not appliable,this kerb does not intersect any crossing geometry.
8058554388,node,not appliable,not appliable,this kerb does not intersect any crossing geometry.
8058554389,node,not appliable,not appliable,this kerb does not intersect any crossing geometry.
8058554390,node,not appliable,not appliable,this kerb does not intersect any crossing geometry.
8063878829,node,not appliable,not appliable,this kerb does not intersect any crossing geometry.
8142632547,node,not appliable,not appliable,this kerb does not intersect any crossing geometry.
8162712146,node,not appliable,not appliable,this kerb does not intersect any crossing geometry.
8188435079,node,not appliable,not appliable,this kerb does not intersect any crossing geometry.
8188719494,node,not appliable,not appliable,this kerb does not intersect any crossing geometry.
8190057218,node,not appliable,not appliable,this kerb does not intersect any crossing geometry.
8190145925,node,not appliable,not appliable,this kerb does not intersect any crossing geometry.
8206780517,node,not appliable,not appliable,this kerb does not intersect any crossing geometry.
8206780518,node,not appliable,not appliable,this kerb does not intersect any crossing geometry.
8231637256,node,not appliable,not appliable,this kerb does not intersect any crossing geometry.
8294517406,node,not appliable,not appliable,this kerb does not intersect any crossing geometry.
8294517407,node,not appliable,not appliable,this kerb does not intersect any crossing geometry.
8296634434,node,not appliable,not appliable,this kerb does not intersect any crossing geometry.
8296938955,node,not appliable,not appliable,this kerb does not intersect any crossing geometry.
8296953191,node,not appliable,not appliable,this kerb does not intersect any crossing geometry.
8324675764,node,not appliable,not appliable,this kerb does not intersect any crossing geometry.
8372737881,node,not appliable,not appliable,this kerb does not intersect any crossing geometry.
8377481627,node,not appliable,not appliable,this kerb does not intersect any crossing geometry.
8377630772,node,not appliable,not appliable,this kerb does not intersect any crossing geometry.
8431942816,node,not appliable,not appliable,this kerb does not intersect any crossing geometry.
8496079819,node,not appliable,not appliable,this kerb does not intersect any crossing geometry.
8671457755,node,not appliable,not appliable,this kerb does not intersect any crossing geometry.
8694825306,node,not appliable,not appliable,this kerb does not intersect any crossing geometry.
8694825307,node,not appliable,not appliable,this kerb does not intersect any crossing geometry.
8694891962,node,not appliable,not appliable,this kerb does not intersect any crossing geometry.
8694892048,node,not appliable,not appliable,this kerb does not intersect any crossing geometry.
8694892050,node,not appliable,not appliable,this kerb does not intersect any crossing geometry.
8705113318,node,not appliable,not appliable,this kerb does not intersect any crossing geometry.
8706286822,node,not appliable,not appliable,this kerb does not intersect any crossing geometry.
8706286977,node,not appliable,not appliable,this kerb does not intersect any crossing geometry.
8714388685,node,not appliable,not appliable,this kerb does not intersect any crossing geometry.
8769279439,node,not appliable,not appliable,this kerb does not intersect any crossing geometry.
8793272215,node,not appliable,not appliable,this kerb does not intersect any crossing geometry.
8852164511,node,not appliable,not appliable,this kerb does not intersect any crossing geometry.
8852164512,node,not appliable,not appliable,this kerb does not intersect any crossing geometry.
8852164515,node,not appliable,not appliable,this kerb does not intersect any crossing geometry.
8852190532,node,not appliable,not appliable,this kerb does not intersect any crossing geometry.
8852190548,node,not appliable,not appliable,this kerb does not intersect any crossing geometry.
8852190552,node,not appliable,not appliable,this kerb does not intersect any crossing geometry.
8852190554,node,not appliable,not appliable,this kerb does not intersect any crossing geometry.
8852190559,node,not appliable,not appliable,this kerb does not intersect any crossing geometry.
9215020989,node,not appliable,not appliable,this kerb does not intersect any crossing geometry.
9215020990,node,not appliable,not appliable,this kerb does not intersect any crossing geometry.
9231339465,node,not appliable,not appliable,this kerb does not intersect any crossing geometry.
9233384222,node,not appliable,not appliable,this kerb does not intersect any crossing geometry.
9233384223,node,not appliable,not appliable,this kerb does not intersect any crossing geometry.
9233384248,node,not appliable,not appliable,this kerb does not intersect any crossing geometry.
9233384249,node,not appliable,not appliable,this kerb does not intersect any crossing geometry.
9263471198,node,not appliable,not appliable,this kerb does not intersect any crossing geometry.
9290959055,node,not appliable,not appliable,this kerb does not intersect any crossing geometry.
9421415397,node,not appliable,not appliable,this kerb does not intersect any crossing geometry.
9421415412,node,not appliable,not appliable,this kerb does not intersect any crossing geometry.
9429420812,node,not appliable,not appliable,this kerb does not intersect any crossing geometry.
9535901001,node,not appliable,not appliable,this kerb does not intersect any crossing geometry.
9579541291,node,not appliable,not appliable,this kerb does not intersect any crossing geometry.
9579541295,node,not appliable,not appliable,this kerb does not intersect any crossing geometry.
9611358725,node,not appliable,not appliable,this kerb does not intersect any crossing geometry.
9654979205,node,not appliable,not appliable,this kerb does not intersect any crossing geometry.
9721491719,node,not appliable,not appliable,this kerb does not intersect any crossing geometry.
9724395175,node,not appliable,not appliable,this kerb does not intersect any crossing geometry.
9754226058,node,not appliable,not appliable,this kerb does not intersect any crossing geometry.
9756759850,node,not appliable,not appliable,this kerb does not intersect any crossing geometry.
9756957620,node,not appliable,not appliable,this kerb does not intersect any crossing geometry.
9863854661,node,not appliable,not appliable,this kerb does not intersect any crossing geometry.
9863854662,node,not appliable,not appliable,this kerb does not intersect any crossing geometry.
9864024742,node,not appliable,not appliable,this kerb does not intersect any crossing geometry.
10122792204,node,not appliable,not appliable,this kerb does not intersect any crossing geometry.
10122792205,node,not appliable,not appliable,this kerb does not intersect any crossing geometry.
10294883380,node,not appliable,not appliable,this kerb does not intersect any crossing geometry.
10294883390,node,not appliable,not appliable,this kerb does not intersect any crossing geometry.
10297490290,node,not appliable,not appliable,this kerb does not intersect any crossing geometry.
10314840765,node,not appliable,not appliable,this kerb does not intersect any crossing geometry.
11012385505,node,not appliable,not appliable,this kerb does not intersect any crossing geometry.
11373534100,node,not appliable,not appliable,this kerb does not intersect any crossing geometry.
11373678115,node,not appliable,not appliable,this kerb does not intersect any crossing geometry.
11374172419,node,not appliable,not appliable,this kerb does not intersect any crossing geometry.
11374172420,node,not appliable,not appliable,this kerb does not intersect any crossing geometry.
11374172443,node,not appliable,not appliable,this kerb does not intersect any crossing geometry.
11374174346,node,not appliable,not appliable,this kerb does not intersect any crossing geometry.
11374205498,node,not appliable,not appliable,this kerb does not intersect any crossing geometry.
11374205499,node,not appliable,not appliable,this kerb does not intersect any crossing geometry.
11374205722,node,not appliable,not appliable,this kerb does not intersect any crossing geometry.
11374205723,node,not appliable,not appliable,this kerb does not intersect any crossing geometry.
11374205735,node,not appliable,not appliable,this kerb does not intersect any crossing geometry.
11374205736,node,not appliable,not appliable,this kerb does not intersect any crossing geometry.
11374205791,node,not appliable,not appliable,this kerb does not intersect any crossing geometry.
11374205795,node,not appliable,not appliable,this kerb does not intersect any crossing geometry.
11374205796,node,not appliable,not appliable,this kerb does not intersect any crossing geometry.
11374205834,node,not appliable,not appliable,this kerb does not intersect any crossing geometry.
11374205835,node,not appliable,not appliable,this kerb does not intersect any crossing geometry.
11374206099,node,not appliable,not appliable,this kerb does not intersect any crossing geometry.
11374206100,node,not appliable,not appliable,this kerb does not intersect any crossing geometry.
11374206101,node,not appliable,not appliable,this kerb does not intersect any crossing geometry.
11374206162,node,not appliable,not appliable,this kerb does not intersect any crossing geometry.
11374206510,node,not appliable,not appliable,this kerb does not intersect any crossing geometry.
11374206511,node,not appliable,not appliable,this kerb does not intersect any crossing geometry.
11374206547,node,not appliable,not appliable,this kerb does not intersect any crossing geometry.
11374206548,node,not appliable,not appliable,this kerb does not intersect any crossing geometry.
11374206549,node,not appliable,not appliable,this kerb does not intersect any crossing geometry.
11374206550,node,not appliable,not appliable,this kerb does not intersect any crossing geometry.
11374206838,node,not appliable,not appliable,this kerb does not intersect any crossing geometry.
11374206839,node,not appliable,not appliable,this kerb does not intersect any crossing geometry.
11374322616,node,not appliable,not appliable,this kerb does not intersect any crossing geometry.
11374322617,node,not appliable,not appliable,this kerb does not intersect any crossing geometry.
11374325867,node,not appliable,not appliable,this kerb does not intersect any crossing geometry.
11374325932,node,not appliable,not appliable,this kerb does not intersect any crossing geometry.
11374326063,node,not appliable,not appliable,this kerb does not intersect any crossing geometry.
11374326375,node,not appliable,not appliable,this kerb does not intersect any crossing geometry.
11374326376,node,not appliable,not appliable,this kerb does not intersect any crossing geometry.
11374326377,node,not appliable,not appliable,this kerb does not intersect any crossing geometry.
11374326455,node,not appliable,not appliable,this kerb does not intersect any crossing geometry.
11374326456,node,not appliable,not appliable,this kerb does not intersect any crossing geometry.
11374326461,node,not appliable,not appliable,this kerb does not intersect any crossing geometry.
11374326462,node,not appliable,not appliable,this kerb does not intersect any crossing geometry.
11374604026,node,not appliable,not appliable,this kerb does not intersect any crossing geometry.
11374604027,node,not appliable,not appliable,this kerb does not intersect any crossing geometry.
11374615598,node,not appliable,not appliable,this kerb does not intersect any crossing geometry.
11374615600,node,not appliable,not appliable,this kerb does not intersect any crossing geometry.
11374616129,node,not appliable,not appliable,this kerb does not intersect any crossing geometry.
11374616285,node,not appliable,not appliable,this kerb does not intersect any crossing geometry.
11374616351,node,not appliable,not appliable,this kerb does not intersect any crossing geometry.
11374616618,node,not appliable,not appliable,this kerb does not intersect any crossing geometry.
11374616785,node,not appliable,not appliable,this kerb does not intersect any crossing geometry.
11374616981,node,not appliable,not appliable,this kerb does not intersect any crossing geometry.
11374616982,node,not appliable,not appliable,this kerb does not intersect any crossing geometry.
11374616983,node,not appliable,not appliable,this kerb does not intersect any crossing geometry.
11374616984,node,not appliable,not appliable,this kerb does not intersect any crossing geometry.
11374616985,node,not appliable,not appliable,this kerb does not intersect any crossing geometry.
11374616986,node,not appliable,not appliable,this kerb does not intersect any crossing geometry.
11374616987,node,not appliable,not appliable,this kerb does not intersect any crossing geometry.
11374617234,node,not appliable,not appliable,this kerb does not intersect any crossing geometry.
11374617235,node,not appliable,not appliable,this kerb does not intersect any crossing geometry.
11375638925,node,not appliable,not appliable,this kerb does not intersect any crossing geometry.
11375638926,node,not appliable,not appliable,this kerb does not intersect any crossing geometry.
11375638927,node,not appliable,not appliable,this kerb does not intersect any crossing geometry.
11375638928,node,not appliable,not appliable,this kerb does not intersect any crossing geometry.
11375638929,node,not appliable,not appliable,this kerb does not intersect any crossing geometry.
11375638930,node,not appliable,not appliable,this kerb does not intersect any crossing geometry.
11375638931,node,not appliable,not appliable,this kerb does not intersect any crossing geometry.
11375638933,node,not appliable,not appliable,this kerb does not intersect any crossing geometry.
11375638958,node,not appliable,not appliable,this kerb does not intersect any crossing geometry.
11375639235,node,not appliable,not appliable,this kerb does not intersect any crossing geometry.
11375639502,node,not appliable,not appliable,this kerb does not intersect any crossing geometry.
11375708088,node,not appliable,not appliable,this kerb does not intersect any crossing geometry.
11375708105,node,not appliable,not appliable,this kerb does not intersect any crossing geometry.
11375708106,node,not appliable,not appliable,this kerb does not intersect any crossing geometry.
11375708107,node,not appliable,not appliable,this kerb does not intersect any crossing geometry.
11375708108,node,not appliable,not appliable,this kerb does not intersect any crossing geometry.
11375708109,node,not appliable,not appliable,this kerb does not intersect any crossing geometry.
11375708110,node,not appliable,not appliable,this kerb does not intersect any crossing geometry.
11375894082,node,not appliable,not appliable,this kerb does not intersect any crossing geometry.
11377775052,node,not appliable,not appliable,this kerb does not intersect any crossing geometry.
11377775061,node,not appliable,not appliable,this kerb does not intersect any crossing geometry.
11377775062,node,not appliable,not appliable,this kerb does not intersect any crossing geometry.
11377775063,node,not appliable,not appliable,this kerb does not intersect any crossing geometry.
11378185410,node,not appliable,not appliable,this kerb does not intersect any crossing geometry.
11378185411,node,not appliable,not appliable,this kerb does not intersect any crossing geometry.
11378227482,node,not appliable,not appliable,this kerb does not intersect any crossing geometry.
11378227657,node,not appliable,not appliable,this kerb does not intersect any crossing geometry.
11378227724,node,not appliable,not appliable,this kerb does not intersect any crossing geometry.
11378514678,node,not appliable,not appliable,this kerb does not intersect any crossing geometry.
11378514686,node,not appliable,not appliable,this kerb does not intersect any crossing geometry.
11378654376,node,not appliable,not appliable,this kerb does not intersect any crossing geometry.
11378684099,node,not appliable,not appliable,this kerb does not intersect any crossing geometry.
11378684173,node,not appliable,not appliable,this kerb does not intersect any crossing geometry.
11378691582,node,not appliable,not appliable,this kerb does not intersect any crossing geometry.
11378691583,node,not appliable,not appliable,this kerb does not intersect any crossing geometry.
11379224818,node,not appliable,not appliable,this kerb does not intersect any crossing geometry.
11380367104,node,not appliable,not appliable,this kerb does not intersect any crossing geometry.
11382025360,node,not appliable,not appliable,this kerb does not intersect any crossing geometry.
11409393851,node,not appliable,not appliable,this kerb does not intersect any crossing geometry.
11530775465,node,not appliable,not appliable,this kerb does not intersect any crossing geometry.
11533854700,node,not appliable,not appliable,this kerb does not intersect any crossing geometry.
11540366972,node,not appliable,not appliable,this kerb does not intersect any crossing geometry.
11727356824,node,not appliable,not appliable,this kerb does not intersect any crossing geometry.
11741265600,node,not appliable,not appliable,this kerb does not intersect any crossing geometry.
11741291485,node,not appliable,not appliable,this kerb does not intersect any crossing geometry.
11747945477,node,not appliable,not appliable,this kerb does not intersect any crossing geometry.
11747945489,node,not appliable,not appliable,this kerb does not intersect any crossing geometry.
11747945624,node,not appliable,not appliable,this kerb does not intersect any crossing geometry.
11747945708,node,not appliable,not appliable,this kerb does not intersect any crossing geometry.
11747945748,node,not appliable,not appliable,this kerb does not intersect any crossing geometry.
11874184266,node,not appliable,not appliable,this kerb does not intersect any crossing geometry.
11874184268,node,not appliable,not appliable,this kerb does not intersect any crossing geometry.
11881214303,node,not appliable,not appliable,this kerb does not intersect any crossing geometry.
11987100238,node,not appliable,not appliable,this kerb does not intersect any crossing geometry.
12108211510,node,not appliable,not appliable,this kerb does not intersect any crossing geometry.
12108211511,node,not appliable,not appliable,this kerb does not intersect any crossing geometry.
12178586219,node,not appliable,not appliable,this kerb does not intersect any crossing geometry.
12178586220,node,not appliable,not appliable,this kerb does not intersect any crossing geometry.
12178586221,node,not appliable,not appliable,this kerb does not intersect any crossing geometry.
12178586228,node,not appliable,not appliable,this kerb does not intersect any crossing geometry.
12178586230,node,not appliable,not appliable,this kerb does not intersect any crossing geometry.
12178586231,node,not appliable,not appliable,this kerb does not intersect any crossing geometry.
12178586232,node,not appliable,not appliable,this kerb does not intersect any crossing geometry.
12249058074,node,not appliable,not appliable,this kerb does not intersect any crossing geometry.
12249058075,node,not appliable,not appliable,this kerb does not intersect any crossing geometry.
12382209035,node,not appliable,not appliable,this kerb does not intersect any crossing geometry.
12382209036,node,not appliable,not appliable,this kerb does not intersect any crossing geometry.
12382209053,node,not appliable,not appliable,this kerb does not intersect any crossing geometry.
12382209054,node,not appliable,not appliable,this kerb does not intersect any crossing geometry.
12707152045,node,not appliable,not appliable,this kerb does not intersect any crossing geometry.
12758305383,node,not appliable,not appliable,this kerb does not intersect any crossing geometry.
12964167197,node,not appliable,not appliable,this kerb does not intersect any crossing geometry.
12964167198,node,not appliable,not appliable,this kerb does not intersect any crossing geometry.
13685948990,node,not appliable,not appliable,this kerb does not intersect any crossing geometry.
13685948991,node,not appliable,not appliable,this kerb does not intersect any crossing geometry.
13757884790,node,not appliable,not appliable,this kerb does not intersect any crossing geometry.
13764007444,node,not appliable,not appliable,this kerb does not intersect any crossing geometry.
13807716280,node,not appliable,not appliable,this kerb does not intersect any crossing geometry.
13817921700,node,not appliable,not appliable,this kerb does not intersect any crossing geometry.
13817951801,node,not appliable,not appliable,this kerb does not intersect any crossing geometry.
14078708542,node,not appliable,not appliable,this kerb does not intersect any crossing geometry.
14078708553,node,not appliable,not appliable,this kerb does not intersect any crossing geometry.
14081014974,node,not appliable,not appliable,this kerb does not intersect any crossing geometry.
14109836917,node,not appliable,not appliable,this kerb does not intersect any crossing geometry.
14109836918,node,not appliable,not appliable,this kerb does not intersect any crossing geometry.
14122796345,node,not appliable,not appliable,this kerb does not intersect any crossing geometry.
